TrialID,Gender,StimulusType,Condition,PrimeDuration,Prime,Flanker,PairedWith,Transparency
1,FEM,WORD,AGR,150,casa,la,mada,Transparent
2,FEM,NOWORD,DIS,150,mada,el,casa,Transparent
3,FEM,WORD,DIS,150,vida,el,dica,Transparent
4,FEM,NOWORD,AGR,150,dica,la,vida,Transparent
5,FEM,WORD,AGR,150,cosa,la,poga,Transparent
6,FEM,NOWORD,DIS,150,poga,el,cosa,Transparent
7,MAS,WORD,AGR,150,hijo,el,nivo,Transparent
8,MAS,NOWORD,AGR,150,nivo,el,hijo,Transparent
9,MAS,WORD,DIS,150,tipo,la,sibo,Transparent
10,MAS,NOWORD,DIS,150,sibo,la,tipo,Transparent
11,MAS,WORD,AGR,150,lado,el,bapo,Transparent
12,MAS,NOWORD,AGR,150,bapo,el,lado,Transparent
13,FEM,WORD,DIS,150,hora,el,nola,Transparent
14,FEM,NOWORD,DIS,150,nola,el,hora,Transparent
15,FEM,WORD,AGR,150,idea,la,odea,Transparent
16,FEM,NOWORD,AGR,150,odea,la,idea,Transparent
17,FEM,WORD,DIS,150,mamá,el,paba,Transparent
18,FEM,NOWORD,DIS,150,paba,el,mamá,Transparent
19,MAS,WORD,DIS,150,niño,la,himo,Transparent
20,MAS,NOWORD,AGR,150,himo,el,niño,Transparent
21,MAS,WORD,AGR,150,plan,el,blan,Opaque
22,MAS,NOWORD,DIS,150,blan,la,plan,Opaque
23,FEM,WORD,AGR,150,hija,la,giva,Transparent
24,FEM,NOWORD,AGR,150,giva,la,hija,Transparent
25,FEM,WORD,DIS,150,cama,el,paza,Transparent
26,FEM,NOWORD,DIS,150,paza,el,cama,Transparent
27,MAS,WORD,DIS,150,baño,la,ravo,Transparent
28,MAS,NOWORD,AGR,150,ravo,el,baño,Transparent
29,MAS,WORD,AGR,150,modo,el,pono,Transparent
30,MAS,NOWORD,DIS,150,pono,la,modo,Transparent
31,FEM,WORD,AGR,150,ropa,la,bova,Transparent
32,FEM,NOWORD,AGR,150,bova,la,ropa,Transparent
33,FEM,WORD,DIS,150,boca,el,loda,Transparent
34,FEM,NOWORD,DIS,150,loda,el,boca,Transparent
35,MAS,WORD,DIS,150,pelo,la,meno,Transparent
36,MAS,NOWORD,AGR,150,meno,el,pelo,Transparent
37,MAS,WORD,AGR,150,rato,el,gaco,Transparent
38,MAS,NOWORD,DIS,150,gaco,la,rato,Transparent
39,MAS,WORD,DIS,150,voto,la,redo,Transparent
40,MAS,NOWORD,AGR,150,redo,el,voto,Transparent
41,FEM,WORD,AGR,150,nave,la,haje,Opaque
42,FEM,NOWORD,DIS,150,haje,el,nave,Opaque
43,FEM,WORD,DIS,150,pena,el,meda,Transparent
44,FEM,NOWORD,AGR,150,meda,la,pena,Transparent
45,FEM,WORD,AGR,150,mesa,la,pema,Transparent
46,FEM,NOWORD,DIS,150,pema,el,mesa,Transparent
47,MAS,WORD,AGR,150,club,el,chub,Opaque
48,MAS,NOWORD,AGR,150,chub,el,club,Opaque
49,FEM,WORD,DIS,150,edad,el,ecat,Opaque
50,FEM,NOWORD,DIS,150,ecat,el,edad,Opaque
51,FEM,WORD,AGR,150,caja,la,mava,Transparent
52,FEM,NOWORD,AGR,150,mava,la,caja,Transparent
53,FEM,WORD,DIS,150,boda,el,rora,Transparent
54,FEM,NOWORD,DIS,150,rora,el,boda,Transparent
55,MAS,WORD,DIS,150,gato,la,jado,Transparent
56,MAS,NOWORD,AGR,150,jado,el,gato,Transparent
57,MAS,WORD,AGR,150,dedo,el,heco,Transparent
58,MAS,NOWORD,DIS,150,heco,la,dedo,Transparent
59,FEM,WORD,AGR,150,sala,la,tafa,Transparent
60,FEM,NOWORD,AGR,150,tafa,la,sala,Transparent
61,FEM,WORD,DIS,150,obra,el,efla,Transparent
62,FEM,NOWORD,DIS,150,efla,el,obra,Transparent
63,FEM,WORD,AGR,150,luna,la,funa,Transparent
64,FEM,NOWORD,AGR,150,funa,la,luna,Transparent
65,MAS,WORD,DIS,150,dios,la,nios,Opaque
66,MAS,NOWORD,DIS,150,nios,la,dios,Opaque
67,FEM,WORD,DIS,150,nena,el,gesa,Transparent
68,FEM,NOWORD,AGR,150,gesa,la,nena,Transparent
69,FEM,WORD,AGR,150,zona,la,ñola,Transparent
70,FEM,NOWORD,DIS,150,ñola,el,zona,Transparent
71,FEM,WORD,DIS,150,isla,el,urla,Transparent
72,FEM,NOWORD,AGR,150,urla,la,isla,Transparent
73,MAS,WORD,AGR,150,odio,el,omio,Transparent
74,MAS,NOWORD,DIS,150,omio,la,odio,Transparent
75,MAS,WORD,DIS,150,olor,la,ocer,Opaque
76,MAS,NOWORD,AGR,150,ocer,el,olor,Opaque
77,MAS,WORD,AGR,150,loco,el,fodo,Transparent
78,MAS,NOWORD,DIS,150,fodo,la,loco,Transparent
79,FEM,WORD,AGR,150,piel,la,ciel,Opaque
80,FEM,NOWORD,AGR,150,ciel,la,piel,Opaque
81,FEM,WORD,DIS,150,dama,el,vasa,Transparent
82,FEM,NOWORD,DIS,150,vasa,el,dama,Transparent
83,FEM,WORD,AGR,150,bala,la,taga,Transparent
84,FEM,NOWORD,AGR,150,taga,la,bala,Transparent
85,MAS,WORD,DIS,150,lago,la,babo,Transparent
86,MAS,NOWORD,DIS,150,babo,la,lago,Transparent
87,MAS,WORD,AGR,150,vaso,el,damo,Transparent
88,MAS,NOWORD,AGR,150,damo,el,vaso,Transparent
89,MAS,WORD,DIS,150,humo,la,guso,Transparent
90,MAS,NOWORD,DIS,150,guso,la,humo,Transparent
91,FEM,WORD,DIS,150,taza,el,sava,Transparent
92,FEM,NOWORD,AGR,150,sava,la,taza,Transparent
93,FEM,WORD,AGR,150,bola,la,rona,Transparent
94,FEM,NOWORD,DIS,150,rona,el,bola,Transparent
95,FEM,WORD,DIS,151,moda,el,neda,Transparent
96,FEM,NOWORD,AGR,151,neda,la,moda,Transparent
97,MAS,WORD,AGR,150,mono,el,fopo,Transparent
98,MAS,NOWORD,DIS,150,fopo,la,mono,Transparent
99,MAS,WORD,DIS,150,lobo,la,soro,Transparent
100,MAS,NOWORD,AGR,150,soro,el,lobo,Transparent
101,MAS,WORD,AGR,150,tono,el,gito,Transparent
102,MAS,NOWORD,DIS,150,gito,la,tono,Transparent
103,FEM,WORD,AGR,150,ruta,la,rova,Transparent
104,FEM,NOWORD,AGR,150,rova,la,ruta,Transparent
105,FEM,WORD,DIS,150,sopa,el,vina,Transparent
106,FEM,NOWORD,DIS,150,vina,el,sopa,Transparent
107,MAS,WORD,DIS,150,saco,la,raot,Transparent
108,MAS,NOWORD,AGR,150,raot,el,saco,Opaque
109,MAS,WORD,AGR,150,rayo,el,suno,Transparent
110,MAS,NOWORD,DIS,150,suno,la,rayo,Transparent
111,MAS,WORD,DIS,150,muro,la,siro,Transparent
112,MAS,NOWORD,AGR,150,siro,el,muro,Transparent
113,FEM,WORD,AGR,150,miel,la,tada,Opaque
114,FEM,NOWORD,DIS,150,tada,el,miel,Transparent
115,FEM,WORD,DIS,150,pata,el,haca,Transparent
116,FEM,NOWORD,AGR,150,haca,la,pata,Transparent
117,MAS,WORD,AGR,150,palo,el,movo,Transparent
118,MAS,NOWORD,DIS,150,movo,la,palo,Transparent
119,MAS,WORD,DIS,150,pozo,la,hooy,Transparent
120,MAS,NOWORD,AGR,150,hooy,el,pozo,Opaque
121,MAS,WORD,AGR,150,hoyo,el,bomo,Transparent
122,MAS,NOWORD,DIS,150,bomo,la,hoyo,Transparent
123,FEM,WORD,AGR,150,flor,la,maba,Opaque
124,FEM,NOWORD,AGR,150,maba,la,flor,Transparent
125,MAS,WORD,DIS,150,lujo,la,vudo,Transparent
126,MAS,NOWORD,DIS,150,vudo,la,lujo,Transparent
127,MAS,WORD,AGR,150,pico,el,itio,Transparent
128,MAS,NOWORD,AGR,150,itio,el,pico,Transparent
129,MAS,WORD,DIS,150,oído,la,pima,Transparent
130,MAS,NOWORD,DIS,150,pima,la,oído,Opaque
131,FEM,WORD,DIS,150,mina,el,fada,Transparent
132,FEM,NOWORD,AGR,150,fada,la,mina,Transparent
133,FEM,WORD,AGR,150,vaca,la,vesa,Transparent
134,FEM,NOWORD,DIS,150,vesa,el,vaca,Transparent
135,MAS,WORD,AGR,150,tubo,el,geso,Transparent
136,MAS,NOWORD,AGR,150,geso,el,tubo,Transparent
137,MAS,WORD,DIS,150,nene,la,pamo,Opaque
138,MAS,NOWORD,DIS,150,pamo,la,nene,Transparent
139,MAS,WORD,AGR,150,mago,el,nila,Transparent
140,MAS,NOWORD,AGR,150,nila,el,mago,Opaque
141,FEM,WORD,DIS,150,cruz,el,sina,Opaque
142,FEM,NOWORD,DIS,150,sina,el,cruz,Transparent
143,MAS,WORD,DIS,150,pavo,la,pezo,Transparent
144,MAS,NOWORD,AGR,150,pezo,el,pavo,Transparent
145,MAS,WORD,AGR,150,león,el,nobo,Opaque
146,MAS,NOWORD,DIS,150,nobo,la,león,Transparent
147,FEM,WORD,AGR,150,hoja,la,pama,Transparent
148,FEM,NOWORD,AGR,150,pama,la,hoja,Transparent
149,MAS,WORD,DIS,150,cabo,la,pafo,Transparent
150,MAS,NOWORD,DIS,150,pafo,la,cabo,Transparent
151,MAS,WORD,AGR,150,tomo,el,sogo,Transparent
152,MAS,NOWORD,AGR,150,sogo,el,tomo,Transparent
153,MAS,WORD,DIS,150,pato,la,tado,Transparent
154,MAS,NOWORD,DIS,150,tado,la,pato,Transparent
155,FEM,WORD,DIS,150,fuga,el,luma,Transparent
156,FEM,NOWORD,AGR,150,luma,la,fuga,Transparent
157,MAS,WORD,AGR,150,nido,el,hico,Transparent
158,MAS,NOWORD,DIS,150,hico,la,nido,Transparent
159,MAS,WORD,DIS,150,giro,la,bilo,Transparent
160,MAS,NOWORD,AGR,150,bilo,el,giro,Transparent
161,MAS,WORD,AGR,150,coro,el,bopo,Transparent
162,MAS,NOWORD,DIS,150,bopo,la,coro,Transparent
163,FEM,WORD,AGR,150,fama,la,laga,Transparent
164,FEM,NOWORD,AGR,150,laga,la,fama,Transparent
165,FEM,WORD,DIS,150,vela,el,dera,Transparent
166,FEM,NOWORD,DIS,150,dera,el,vela,Transparent
167,FEM,WORD,AGR,150,jefa,la,zifa,Transparent
168,FEM,NOWORD,AGR,150,zifa,la,jefa,Transparent
169,MAS,WORD,DIS,150,cubo,la,mibo,Transparent
170,MAS,NOWORD,DIS,150,mibo,la,cubo,Transparent
171,MAS,WORD,AGR,150,hilo,el,niro,Transparent
172,MAS,NOWORD,AGR,150,niro,el,hilo,Transparent
173,FEM,WORD,DIS,150,rosa,el,boma,Transparent
174,FEM,NOWORD,DIS,150,boma,el,rosa,Transparent
175,FEM,WORD,AGR,150,goma,la,hosa,Transparent
176,FEM,NOWORD,AGR,150,hosa,la,goma,Transparent
177,MAS,WORD,DIS,150,reto,la,bito,Transparent
178,MAS,NOWORD,DIS,150,bito,la,reto,Transparent
179,MAS,WORD,AGR,150,toro,el,sono,Transparent
180,MAS,NOWORD,AGR,150,sono,el,toro,Transparent
181,FEM,WORD,DIS,150,seda,el,teda,Transparent
182,FEM,NOWORD,DIS,150,teda,el,seda,Transparent
183,FEM,WORD,AGR,150,raya,la,raad,Transparent
184,FEM,NOWORD,AGR,150,raad,la,raya,Opaque
185,MAS,WORD,DIS,150,baúl,la,raol,Opaque
186,MAS,NOWORD,DIS,150,raol,la,baúl,Opaque
187,MAS,WORD,AGR,150,mito,el,suto,Transparent
188,MAS,NOWORD,AGR,150,suto,el,mito,Transparent
189,MAS,WORD,DIS,150,puño,la,muvo,Transparent
190,MAS,NOWORD,DIS,150,muvo,la,puño,Transparent
191,FEM,WORD,DIS,150,pila,el,bila,Transparent
192,FEM,NOWORD,AGR,150,bila,la,pila,Transparent
193,FEM,WORD,AGR,150,loca,la,foda,Transparent
194,FEM,NOWORD,DIS,150,foda,el,loca,Transparent
195,FEM,WORD,DIS,150,tela,el,sira,Transparent
196,FEM,NOWORD,AGR,150,sira,la,tela,Transparent
197,MAS,WORD,AGR,150,bate,el,dade,Opaque
198,MAS,NOWORD,DIS,150,dade,la,bate,Opaque
199,MAS,WORD,DIS,150,lazo,la,fano,Transparent
200,MAS,NOWORD,AGR,150,fano,el,lazo,Transparent
201,FEM,WORD,AGR,150,cuna,la,cusa,Transparent
202,FEM,NOWORD,DIS,150,cusa,el,cuna,Transparent
203,FEM,WORD,DIS,150,leña,el,beja,Transparent
204,FEM,NOWORD,AGR,150,beja,la,leña,Transparent
205,FEM,WORD,AGR,150,rana,la,bara,Transparent
206,FEM,NOWORD,DIS,150,bara,el,rana,Transparent
207,MAS,WORD,AGR,150,kilo,el,kedo,Transparent
208,MAS,NOWORD,AGR,150,kedo,el,kilo,Transparent
209,MAS,WORD,DIS,150,velo,la,dero,Transparent
210,MAS,NOWORD,DIS,150,dero,la,velo,Transparent
211,FEM,WORD,DIS,150,joya,el,joad,Transparent
212,FEM,NOWORD,AGR,150,joad,la,joya,Opaque
213,FEM,WORD,AGR,150,rama,la,bana,Transparent
214,FEM,NOWORD,DIS,150,bana,el,rama,Transparent
215,FEM,WORD,DIS,150,raíz,el,raua,Opaque
216,FEM,NOWORD,AGR,150,raua,la,raíz,Transparent
217,MAS,WORD,AGR,150,luto,el,budo,Transparent
218,MAS,NOWORD,DIS,150,budo,la,luto,Transparent
219,FEM,WORD,AGR,150,pipa,la,miva,Transparent
220,FEM,NOWORD,AGR,150,miva,la,pipa,Transparent
221,FEM,WORD,DIS,150,mula,el,puca,Transparent
222,FEM,NOWORD,DIS,150,puca,el,mula,Transparent
223,FEM,WORD,AGR,150,cera,la,cira,Transparent
224,FEM,NOWORD,AGR,150,cira,la,cera,Transparent
225,MAS,WORD,DIS,150,lodo,la,boco,Transparent
226,MAS,NOWORD,DIS,150,boco,la,lodo,Transparent
227,MAS,WORD,AGR,150,faro,el,laro,Transparent
228,MAS,NOWORD,AGR,150,laro,el,faro,Transparent
229,MAS,WORD,DIS,150,amor,la,ador,Opaque
230,MAS,NOWORD,DIS,150,ador,la,amor,Opaque
231,FEM,WORD,DIS,150,bota,el,heta,Transparent
232,FEM,NOWORD,AGR,150,heta,la,bota,Transparent
233,FEM,WORD,AGR,150,lana,la,fasa,Transparent
234,FEM,NOWORD,DIS,150,fasa,el,lana,Transparent
235,FEM,WORD,DIS,150,grúa,el,tria,Transparent
236,FEM,NOWORD,AGR,150,tria,la,grúa,Transparent
237,MAS,WORD,AGR,150,nudo,el,huco,Transparent
238,MAS,NOWORD,DIS,150,huco,la,nudo,Transparent
239,MAS,WORD,DIS,150,mozo,la,poño,Transparent
240,MAS,NOWORD,AGR,150,poño,el,mozo,Transparent
241,MAS,WORD,AGR,150,mundo,el,mirdo,Transparent
242,MAS,NOWORD,DIS,150,mirdo,la,mundo,Transparent
243,MAS,WORD,DIS,150,amigo,la,asamo,Transparent
244,MAS,NOWORD,AGR,150,asamo,el,amigo,Transparent
245,FEM,WORD,AGR,150,madre,la,pafle,Opaque
246,FEM,NOWORD,DIS,150,pafle,el,madre,Opaque
247,FEM,WORD,DIS,150,chica,el,trida,Transparent
248,FEM,NOWORD,AGR,150,trida,la,chica,Transparent
249,FEM,WORD,AGR,150,clase,la,plane,Opaque
250,FEM,NOWORD,DIS,150,plane,el,clase,Opaque
251,MAS,WORD,AGR,150,señor,el,refor,Opaque
252,MAS,NOWORD,AGR,150,refor,el,señor,Opaque
253,MAS,WORD,DIS,150,chico,la,trido,Transparent
254,MAS,NOWORD,DIS,150,trido,la,chico,Transparent
255,MAS,WORD,AGR,150,miedo,el,mauco,Transparent
256,MAS,NOWORD,AGR,150,mauco,el,miedo,Transparent
257,FEM,WORD,DIS,150,amiga,el,asama,Transparent
258,FEM,NOWORD,DIS,150,asama,el,amiga,Transparent
259,MAS,WORD,DIS,150,juego,la,jaumo,Transparent
260,MAS,NOWORD,AGR,150,jaumo,el,juego,Transparent
261,MAS,WORD,AGR,150,sitio,el,titio,Transparent
262,MAS,NOWORD,DIS,150,titio,la,sitio,Transparent
263,FEM,WORD,AGR,150,vista,la,dosta,Transparent
264,FEM,NOWORD,AGR,150,dosta,la,vista,Transparent
265,FEM,WORD,DIS,150,mitad,el,pitat,Opaque
266,FEM,NOWORD,DIS,150,pitat,el,mitad,Opaque
267,MAS,WORD,DIS,150,libro,la,figro,Transparent
268,MAS,NOWORD,AGR,150,figro,el,libro,Transparent
269,MAS,WORD,AGR,150,perro,el,mello,Transparent
270,MAS,NOWORD,DIS,150,mello,la,perro,Transparent
271,FEM,WORD,AGR,150,señal,la,refal,Opaque
272,FEM,NOWORD,AGR,150,refal,la,señal,Opaque
273,FEM,WORD,DIS,150,broma,el,frosa,Transparent
274,FEM,NOWORD,DIS,150,frosa,el,broma,Transparent
275,MAS,WORD,DIS,150,punto,la,musto,Transparent
276,MAS,NOWORD,AGR,150,musto,el,punto,Transparent
277,MAS,WORD,AGR,150,fuego,el,vuemo,Transparent
278,MAS,NOWORD,DIS,150,vuemo,la,fuego,Transparent
279,FEM,WORD,AGR,150,prisa,la,grina,Transparent
280,FEM,NOWORD,AGR,150,grina,la,prisa,Transparent
281,MAS,WORD,DIS,150,cielo,la,cauro,Transparent
282,MAS,NOWORD,DIS,150,cauro,la,cielo,Transparent
283,MAS,WORD,AGR,150,sueño,el,tuevo,Transparent
284,MAS,NOWORD,AGR,150,tuevo,el,sueño,Transparent
285,MAS,WORD,DIS,150,error,la,echor,Opaque
286,MAS,NOWORD,DIS,150,echor,la,error,Opaque
287,FEM,WORD,DIS,150,lista,el,fosta,Transparent
288,FEM,NOWORD,AGR,150,fosta,la,lista,Transparent
289,FEM,WORD,AGR,150,bomba,la,bumpa,Transparent
290,FEM,NOWORD,DIS,150,bumpa,el,bomba,Transparent
291,FEM,WORD,DIS,150,pista,el,mesta,Transparent
292,FEM,NOWORD,AGR,150,mesta,la,pista,Transparent
293,MAS,WORD,AGR,150,campo,el,cacso,Transparent
294,MAS,NOWORD,DIS,150,cacso,la,campo,Transparent
295,MAS,WORD,DIS,150,dolor,la,goler,Opaque
296,MAS,NOWORD,AGR,150,goler,el,dolor,Opaque
297,MAS,WORD,AGR,150,grupo,el,brubo,Transparent
298,MAS,NOWORD,DIS,150,brubo,la,grupo,Transparent
299,FEM,WORD,AGR,150,bolsa,la,bosga,Transparent
300,FEM,NOWORD,AGR,150,bosga,la,bolsa,Transparent
301,FEM,WORD,DIS,150,banda,el,ranga,Transparent
302,FEM,NOWORD,DIS,150,ranga,el,banda,Transparent
303,MAS,WORD,DIS,150,barco,la,lanco,Transparent
304,MAS,NOWORD,AGR,150,lanco,el,barco,Transparent
305,MAS,WORD,AGR,150,avión,el,adiol,Opaque
306,MAS,NOWORD,DIS,150,adiol,la,avión,Opaque
307,MAS,WORD,DIS,150,hotel,la,holol,Opaque
308,MAS,NOWORD,AGR,150,holol,el,hotel,Opaque
309,FEM,WORD,AGR,150,silla,la,tirra,Transparent
310,FEM,NOWORD,DIS,150,tirra,el,silla,Transparent
311,MAS,WORD,AGR,150,honor,el,nosor,Opaque
312,MAS,NOWORD,AGR,150,nosor,el,honor,Opaque
313,MAS,WORD,DIS,150,novio,la,govio,Transparent
314,MAS,NOWORD,DIS,150,govio,la,novio,Transparent
315,FEM,WORD,DIS,150,reina,el,riosa,Transparent
316,FEM,NOWORD,AGR,150,riosa,la,reina,Transparent
317,FEM,WORD,AGR,150,playa,la,plaad,Transparent
318,FEM,NOWORD,DIS,150,plaad,el,playa,Opaque
319,MAS,WORD,AGR,150,suelo,el,tuero,Transparent
320,MAS,NOWORD,AGR,150,tuero,el,suelo,Transparent
321,MAS,WORD,DIS,150,banco,la,rarco,Transparent
322,MAS,NOWORD,DIS,150,rarco,la,banco,Transparent
323,FEM,WORD,DIS,150,cinta,el,certa,Transparent
324,FEM,NOWORD,AGR,150,certa,la,cinta,Transparent
325,FEM,WORD,AGR,150,magia,la,mabia,Transparent
326,FEM,NOWORD,DIS,150,mabia,el,magia,Transparent
327,MAS,WORD,AGR,150,fondo,el,lendo,Transparent
328,MAS,NOWORD,AGR,150,lendo,el,fondo,Transparent
329,MAS,WORD,DIS,150,hueso,la,nueno,Transparent
330,MAS,NOWORD,DIS,150,nueno,la,hueso,Transparent
331,MAS,WORD,AGR,150,éxito,el,erato,Transparent
332,MAS,NOWORD,AGR,150,erato,el,éxito,Transparent
333,FEM,WORD,DIS,150,tarea,el,dalea,Transparent
334,FEM,NOWORD,DIS,150,dalea,el,tarea,Transparent
335,FEM,WORD,AGR,150,costa,la,pesta,Transparent
336,FEM,NOWORD,AGR,150,pesta,la,costa,Transparent
337,MAS,WORD,DIS,150,huevo,la,nuejo,Transparent
338,MAS,NOWORD,DIS,150,nuejo,la,huevo,Transparent
339,MAS,WORD,AGR,150,brazo,el,plajo,Transparent
340,MAS,NOWORD,AGR,150,plajo,el,brazo,Transparent
341,MAS,WORD,DIS,150,valor,la,daror,Opaque
342,MAS,NOWORD,DIS,150,daror,la,valor,Opaque
343,FEM,WORD,DIS,150,plata,el,trada,Transparent
344,FEM,NOWORD,AGR,150,trada,la,plata,Transparent
345,FEM,WORD,AGR,150,arena,la,anera,Transparent
346,FEM,NOWORD,DIS,150,anera,el,arena,Transparent
347,FEM,WORD,DIS,150,pieza,el,mueza,Transparent
348,FEM,NOWORD,AGR,150,mueza,la,pieza,Transparent
349,MAS,WORD,AGR,150,color,el,cosir,Opaque
350,MAS,NOWORD,DIS,150,cosir,la,color,Opaque
351,MAS,WORD,DIS,150,vuelo,la,duepo,Transparent
352,MAS,NOWORD,AGR,150,duepo,el,vuelo,Transparent
353,FEM,WORD,AGR,150,celda,la,cezca,Transparent
354,FEM,NOWORD,DIS,150,cezca,el,celda,Transparent
355,FEM,WORD,DIS,150,regla,el,bepla,Transparent
356,FEM,NOWORD,AGR,150,bepla,la,regla,Transparent
357,FEM,WORD,AGR,150,bruja,la,gruba,Transparent
358,FEM,NOWORD,DIS,150,gruba,el,bruja,Transparent
359,MAS,WORD,AGR,150,calor,el,cacer,Opaque
360,MAS,NOWORD,AGR,150,cacer,el,calor,Opaque
361,FEM,WORD,DIS,150,torre,el,solle,Opaque
362,FEM,NOWORD,DIS,150,solle,el,torre,Opaque
363,FEM,WORD,AGR,150,deuda,la,veida,Transparent
364,FEM,NOWORD,AGR,150,veida,la,deuda,Transparent
365,FEM,WORD,DIS,150,ducha,el,gulla,Transparent
366,FEM,NOWORD,DIS,150,gulla,el,ducha,Transparent
367,MAS,WORD,DIS,150,reloj,la,rerob,Opaque
368,MAS,NOWORD,AGR,150,rerob,el,reloj,Opaque
369,MAS,WORD,AGR,150,ruido,el,rioco,Transparent
370,MAS,NOWORD,DIS,150,rioco,la,ruido,Transparent
371,FEM,WORD,AGR,150,pasta,la,mosta,Transparent
372,FEM,NOWORD,AGR,150,mosta,la,pasta,Transparent
373,FEM,WORD,DIS,150,pizza,el,pogza,Transparent
374,FEM,NOWORD,DIS,150,pogza,el,pizza,Transparent
375,FEM,WORD,AGR,150,salsa,la,sasna,Transparent
376,FEM,NOWORD,AGR,150,sasna,la,salsa,Transparent
377,MAS,WORD,DIS,150,hielo,la,gaulo,Transparent
378,MAS,NOWORD,DIS,150,gaulo,la,hielo,Transparent
379,MAS,WORD,AGR,150,turno,el,tunso,Transparent
380,MAS,NOWORD,AGR,150,tunso,el,turno,Transparent
381,MAS,WORD,DIS,150,humor,la,nusor,Opaque
382,MAS,NOWORD,DIS,150,nusor,la,humor,Opaque
383,FEM,WORD,DIS,150,frase,el,brame,Opaque
384,FEM,NOWORD,AGR,150,brame,la,frase,Opaque
385,FEM,WORD,AGR,150,letra,la,febra,Transparent
386,FEM,NOWORD,DIS,150,febra,el,letra,Transparent
387,FEM,WORD,DIS,150,crema,el,bresa,Transparent
388,FEM,NOWORD,AGR,150,bresa,la,crema,Transparent
389,MAS,WORD,AGR,150,cerdo,el,cenco,Transparent
390,MAS,NOWORD,DIS,150,cenco,la,cerdo,Transparent
391,MAS,WORD,DIS,150,dueño,la,dievo,Transparent
392,MAS,NOWORD,AGR,150,dievo,el,dueño,Transparent
393,FEM,WORD,AGR,150,aldea,la,ashea,Transparent
394,FEM,NOWORD,DIS,150,ashea,el,aldea,Transparent
395,FEM,WORD,DIS,150,caída,el,paeda,Transparent
396,FEM,NOWORD,AGR,150,paeda,la,caída,Transparent
397,FEM,WORD,AGR,150,tribu,la,trigi,Opaque
398,FEM,NOWORD,DIS,150,trigi,el,tribu,Opaque
399,MAS,WORD,AGR,150,techo,el,serro,Transparent
400,MAS,NOWORD,AGR,150,serro,el,techo,Transparent
401,MAS,WORD,DIS,150,polvo,la,pirvo,Transparent
402,MAS,NOWORD,DIS,150,pirvo,la,polvo,Transparent
403,FEM,WORD,DIS,150,prima,el,grisa,Transparent
404,FEM,NOWORD,AGR,150,grisa,la,prima,Transparent
405,FEM,WORD,AGR,150,barra,la,rarra,Transparent
406,FEM,NOWORD,DIS,150,rarra,el,barra,Transparent
407,FEM,WORD,DIS,150,cueva,el,cauba,Transparent
408,FEM,NOWORD,AGR,150,cauba,la,cueva,Transparent
409,MAS,WORD,AGR,150,carro,el,pafro,Transparent
410,MAS,NOWORD,DIS,150,pafro,la,carro,Transparent
411,MAS,WORD,DIS,150,pollo,la,mobro,Transparent
412,MAS,NOWORD,AGR,150,mobro,el,pollo,Transparent
413,FEM,WORD,AGR,150,rueda,la,bieda,Transparent
414,FEM,NOWORD,DIS,150,bieda,el,rueda,Transparent
415,FEM,WORD,DIS,150,jaula,el,juira,Transparent
416,FEM,NOWORD,AGR,150,juira,la,jaula,Transparent
417,FEM,WORD,AGR,150,barba,la,banja,Transparent
418,FEM,NOWORD,DIS,150,banja,el,barba,Transparent
419,MAS,WORD,AGR,150,truco,el,chudo,Transparent
420,MAS,NOWORD,AGR,150,chudo,el,truco,Transparent
421,MAS,WORD,DIS,150,primo,la,griso,Transparent
422,MAS,NOWORD,DIS,150,griso,la,primo,Transparent
423,MAS,WORD,AGR,150,queso,el,quigo,Transparent
424,MAS,NOWORD,AGR,150,quigo,el,queso,Transparent
425,FEM,WORD,DIS,150,viuda,el,virca,Transparent
426,FEM,NOWORD,DIS,150,virca,el,viuda,Transparent
427,FEM,WORD,AGR,150,oreja,la,oseva,Transparent
428,FEM,NOWORD,AGR,150,oseva,la,oreja,Transparent
429,FEM,WORD,DIS,150,tarta,el,tenta,Transparent
430,FEM,NOWORD,DIS,150,tenta,el,tarta,Transparent
431,MAS,WORD,DIS,150,motor,la,tetor,Opaque
432,MAS,NOWORD,AGR,150,tetor,el,motor,Opaque
433,MAS,WORD,AGR,150,disco,el,durco,Transparent
434,MAS,NOWORD,DIS,150,durco,la,disco,Transparent
435,MAS,WORD,DIS,150,ritmo,la,ricno,Transparent
436,MAS,NOWORD,AGR,150,ricno,el,ritmo,Transparent
437,FEM,WORD,AGR,150,plaza,la,glava,Transparent
438,FEM,NOWORD,DIS,150,glava,el,plaza,Transparent
439,FEM,WORD,DIS,150,presa,el,prema,Transparent
440,FEM,NOWORD,AGR,150,prema,la,presa,Transparent
441,FEM,WORD,AGR,150,selva,la,telza,Transparent
442,FEM,NOWORD,DIS,150,telza,el,selva,Transparent
443,MAS,WORD,AGR,150,salón,el,taron,Opaque
444,MAS,NOWORD,AGR,150,taron,el,salón,Opaque
445,MAS,WORD,DIS,150,actor,la,ascor,Opaque
446,MAS,NOWORD,DIS,150,ascor,la,actor,Opaque
447,MAS,WORD,AGR,150,bolso,el,buaso,Transparent
448,MAS,NOWORD,AGR,150,buaso,el,bolso,Transparent
449,FEM,WORD,DIS,150,pluma,el,crusa,Transparent
450,FEM,NOWORD,DIS,150,crusa,el,pluma,Transparent
451,FEM,WORD,AGR,150,fruta,la,clita,Transparent
452,FEM,NOWORD,AGR,150,clita,la,fruta,Transparent
453,FEM,WORD,DIS,150,mafia,el,pafia,Transparent
454,FEM,NOWORD,DIS,150,pafia,el,mafia,Transparent
455,MAS,WORD,DIS,150,reino,la,riaso,Transparent
456,MAS,NOWORD,AGR,150,riaso,el,reino,Transparent
457,MAS,WORD,AGR,150,plato,el,glaco,Transparent
458,MAS,NOWORD,DIS,150,glaco,la,plato,Transparent
459,MAS,WORD,DIS,150,grado,la,fraco,Transparent
460,MAS,NOWORD,AGR,150,fraco,el,grado,Transparent
461,FEM,WORD,AGR,150,tabla,la,pagra,Transparent
462,FEM,NOWORD,DIS,150,pagra,el,tabla,Transparent
463,FEM,WORD,DIS,150,cabra,el,matla,Transparent
464,FEM,NOWORD,AGR,150,matla,la,cabra,Transparent
465,FEM,WORD,AGR,150,aguja,la,asuba,Transparent
466,FEM,NOWORD,DIS,150,asuba,el,aguja,Transparent
467,MAS,WORD,AGR,150,piano,el,peiso,Transparent
468,MAS,NOWORD,AGR,150,peiso,el,piano,Transparent
469,MAS,WORD,DIS,150,patio,la,matia,Transparent
470,MAS,NOWORD,DIS,150,matia,la,patio,Opaque
471,FEM,WORD,DIS,150,grasa,el,prana,Transparent
472,FEM,NOWORD,AGR,150,prana,la,grasa,Transparent
473,FEM,WORD,AGR,150,feria,la,felia,Transparent
474,FEM,NOWORD,DIS,150,felia,el,feria,Transparent
475,FEM,WORD,DIS,150,manta,el,mucta,Transparent
476,FEM,NOWORD,AGR,150,mucta,la,manta,Transparent
477,MAS,WORD,AGR,150,botón,el,hocon,Opaque
478,MAS,NOWORD,DIS,150,hocon,la,botón,Opaque
479,MAS,WORD,DIS,150,rumbo,la,rimpo,Transparent
480,MAS,NOWORD,AGR,150,rimpo,el,rumbo,Transparent